datetime,sw_radiation,temp_2m,cloud_cover
2020-05-15T00:00,0.0,29.5,13
2020-05-15T01:00,0.0,28.7,8
2020-05-15T02:00,0.0,28.0,16
2020-05-15T03:00,0.0,27.5,39
2020-05-15T04:00,0.0,27.0,36
2020-05-15T05:00,0.0,26.4,69
2020-05-15T06:00,0.02,26.6,47
2020-05-15T07:00,0.17,27.5,62
2020-05-15T08:00,0.39,29.2,6
2020-05-15T09:00,0.609,31.5,32
2020-05-15T10:00,0.789,33.7,66
2020-05-15T11:00,0.91,35.8,87
2020-05-15T12:00,0.964,37.3,94
2020-05-15T13:00,0.943,38.3,88
2020-05-15T14:00,0.853,39.1,57
2020-05-15T15:00,0.686,39.5,29
2020-05-15T16:00,0.462,39.6,52
2020-05-15T17:00,0.253,39.0,21
2020-05-15T18:00,0.063,37.4,33
2020-05-15T19:00,0.0,36.6,72
2020-05-15T20:00,0.0,35.2,66
2020-05-15T21:00,0.0,34.0,38
2020-05-15T22:00,0.0,32.9,21
2020-05-15T23:00,0.0,31.9,26
2020-05-16T00:00,0.0,31.0,30
2020-05-16T01:00,0.0,30.4,9
2020-05-16T02:00,0.0,30.0,24
2020-05-16T03:00,0.0,29.4,33
2020-05-16T04:00,0.0,28.9,11
2020-05-16T05:00,0.0,28.5,11
2020-05-16T06:00,0.018,29.0,97
2020-05-16T07:00,0.158,30.1,99
2020-05-16T08:00,0.334,31.5,98
2020-05-16T09:00,0.564,33.2,96
2020-05-16T10:00,0.758,34.9,91
2020-05-16T11:00,0.868,36.4,31
2020-05-16T12:00,0.93,37.7,6
2020-05-16T13:00,0.88,39.0,24
2020-05-16T14:00,0.704,39.3,69
2020-05-16T15:00,0.577,39.2,69
2020-05-16T16:00,0.35,35.8,100
2020-05-16T17:00,0.213,37.1,100
2020-05-16T18:00,0.052,36.7,100
2020-05-16T19:00,0.0,36.4,100
2020-05-16T20:00,0.0,34.4,100
2020-05-16T21:00,0.0,33.7,100
2020-05-16T22:00,0.0,33.4,100
2020-05-16T23:00,0.0,33.2,100
2020-05-17T00:00,0.0,31.5,100
2020-05-17T01:00,0.0,31.3,100
2020-05-17T02:00,0.0,30.6,100
2020-05-17T03:00,0.0,30.2,100
2020-05-17T04:00,0.0,30.0,99
2020-05-17T05:00,0.0,29.2,85
2020-05-17T06:00,0.019,29.4,100
2020-05-17T07:00,0.145,30.1,100
2020-05-17T08:00,0.337,31.4,100
2020-05-17T09:00,0.53,33.0,100
2020-05-17T10:00,0.694,34.4,99
2020-05-17T11:00,0.712,35.6,98
2020-05-17T12:00,0.861,37.2,100
2020-05-17T13:00,0.602,37.6,100
2020-05-17T14:00,0.438,38.1,100
2020-05-17T15:00,0.466,38.4,100
2020-05-17T16:00,0.232,36.4,100
2020-05-17T17:00,0.11,35.0,100
2020-05-17T18:00,0.042,34.6,100
2020-05-17T19:00,0.0,33.9,100
2020-05-17T20:00,0.0,34.0,100
2020-05-17T21:00,0.0,33.9,100
2020-05-17T22:00,0.0,33.1,100
2020-05-17T23:00,0.0,30.5,100
2020-05-18T00:00,0.0,28.0,100
2020-05-18T01:00,0.0,28.4,100
2020-05-18T02:00,0.0,28.4,100
2020-05-18T03:00,0.0,28.6,100
2020-05-18T04:00,0.0,28.6,100
2020-05-18T05:00,0.0,28.6,98
2020-05-18T06:00,0.019,28.8,80
2020-05-18T07:00,0.138,30.1,52
2020-05-18T08:00,0.346,31.9,100
2020-05-18T09:00,0.534,34.0,100
2020-05-18T10:00,0.735,36.0,100
2020-05-18T11:00,0.78,37.5,100
2020-05-18T12:00,0.87,38.8,100
2020-05-18T13:00,0.637,32.4,100
2020-05-18T14:00,0.383,32.1,100
2020-05-18T15:00,0.322,34.8,100
2020-05-18T16:00,0.298,35.9,100
2020-05-18T17:00,0.143,35.6,100
2020-05-18T18:00,0.043,34.3,100
2020-05-18T19:00,0.0,32.9,100
2020-05-18T20:00,0.0,32.6,100
2020-05-18T21:00,0.0,31.9,100
2020-05-18T22:00,0.0,31.7,100
2020-05-18T23:00,0.0,31.0,100
2020-05-19T00:00,0.0,30.4,100
2020-05-19T01:00,0.0,29.9,100
2020-05-19T02:00,0.0,29.5,100
2020-05-19T03:00,0.0,29.1,100
2020-05-19T04:00,0.0,28.7,100
2020-05-19T05:00,0.0,28.0,100
2020-05-19T06:00,0.018,28.2,100
2020-05-19T07:00,0.148,29.3,100
2020-05-19T08:00,0.297,31.0,100
2020-05-19T09:00,0.512,33.2,100
2020-05-19T10:00,0.721,35.4,100
2020-05-19T11:00,0.808,37.0,100
2020-05-19T12:00,0.813,38.3,100
2020-05-19T13:00,0.751,39.2,100
2020-05-19T14:00,0.485,38.7,100
2020-05-19T15:00,0.386,39.4,100
2020-05-19T16:00,0.266,39.0,100
2020-05-19T17:00,0.128,38.1,100
2020-05-19T18:00,0.053,36.7,100
2020-05-19T19:00,0.0,35.5,100
2020-05-19T20:00,0.0,33.5,100
2020-05-19T21:00,0.0,32.0,100
2020-05-19T22:00,0.0,31.3,98
2020-05-19T23:00,0.0,30.4,100
2020-05-20T00:00,0.0,29.9,100
2020-05-20T01:00,0.0,29.4,100
2020-05-20T02:00,0.0,28.7,100
2020-05-20T03:00,0.0,28.0,100
2020-05-20T04:00,0.0,27.4,99
2020-05-20T05:00,0.0,27.4,95
2020-05-20T06:00,0.02,27.6,100
2020-05-20T07:00,0.158,28.5,100
2020-05-20T08:00,0.359,30.1,100
2020-05-20T09:00,0.555,32.2,100
2020-05-20T10:00,0.714,34.5,99
2020-05-20T11:00,0.854,36.5,100
2020-05-20T12:00,0.915,38.2,100
2020-05-20T13:00,0.763,39.0,100
2020-05-20T14:00,0.601,39.3,99
2020-05-20T15:00,0.521,39.5,99
2020-05-20T16:00,0.338,39.4,98
2020-05-20T17:00,0.238,39.1,98
2020-05-20T18:00,0.063,36.8,99
2020-05-20T19:00,0.0,35.5,95
2020-05-20T20:00,0.0,34.4,93
2020-05-20T21:00,0.0,34.2,95
2020-05-20T22:00,0.0,33.1,98
2020-05-20T23:00,0.0,31.8,97
2020-05-21T00:00,0.0,30.5,96
2020-05-21T01:00,0.0,29.6,99
2020-05-21T02:00,0.0,28.9,95
2020-05-21T03:00,0.0,28.4,99
2020-05-21T04:00,0.0,27.9,97
2020-05-21T05:00,0.0,27.7,97
2020-05-21T06:00,0.022,27.8,72
2020-05-21T07:00,0.171,28.7,86
2020-05-21T08:00,0.383,30.4,86
2020-05-21T09:00,0.601,32.7,78
2020-05-21T10:00,0.783,35.4,83
2020-05-21T11:00,0.905,37.4,88
2020-05-21T12:00,0.949,38.9,85
2020-05-21T13:00,0.771,39.7,69
2020-05-21T14:00,0.706,40.4,41
2020-05-21T15:00,0.513,40.3,57
2020-05-21T16:00,0.337,40.1,55
2020-05-21T17:00,0.174,40.1,68
2020-05-21T18:00,0.071,39.0,10
2020-05-21T19:00,0.0,37.5,24
2020-05-21T20:00,0.0,36.3,10
2020-05-21T21:00,0.0,35.4,40
2020-05-21T22:00,0.0,34.1,38
2020-05-21T23:00,0.0,33.2,8
2020-05-22T00:00,0.0,32.2,3
2020-05-22T01:00,0.0,30.9,2
2020-05-22T02:00,0.0,29.9,1
2020-05-22T03:00,0.0,29.0,1
2020-05-22T04:00,0.0,28.4,1
2020-05-22T05:00,0.0,28.0,31
2020-05-22T06:00,0.022,27.9,50
2020-05-22T07:00,0.176,28.7,25
2020-05-22T08:00,0.394,30.5,34
2020-05-22T09:00,0.607,32.8,0
2020-05-22T10:00,0.783,35.1,0
2020-05-22T11:00,0.905,37.2,0
2020-05-22T12:00,0.96,39.0,2
2020-05-22T13:00,0.845,39.9,40
2020-05-22T14:00,0.661,40.2,29
2020-05-22T15:00,0.556,40.2,43
2020-05-22T16:00,0.403,40.4,50
2020-05-22T17:00,0.238,40.4,82
2020-05-22T18:00,0.074,39.4,8
2020-05-22T19:00,0.0,38.1,8
2020-05-22T20:00,0.0,36.8,7
2020-05-22T21:00,0.0,35.4,94
2020-05-22T22:00,0.0,33.9,94
2020-05-22T23:00,0.0,33.9,52
2020-05-23T00:00,0.0,32.6,76
2020-05-23T01:00,0.0,31.1,59
2020-05-23T02:00,0.0,30.0,22
2020-05-23T03:00,0.0,29.5,62
2020-05-23T04:00,0.0,28.8,37
2020-05-23T05:00,0.0,28.8,13
2020-05-23T06:00,0.022,29.2,22
2020-05-23T07:00,0.176,30.5,0
2020-05-23T08:00,0.395,32.5,7
2020-05-23T09:00,0.609,34.7,9
2020-05-23T10:00,0.784,36.8,43
2020-05-23T11:00,0.903,38.7,32
2020-05-23T12:00,0.846,39.7,40
2020-05-23T13:00,0.761,40.2,37
2020-05-23T14:00,0.713,40.6,37
2020-05-23T15:00,0.595,40.7,27
2020-05-23T16:00,0.382,40.8,25
2020-05-23T17:00,0.202,40.5,13
2020-05-23T18:00,0.062,39.8,26
2020-05-23T19:00,0.0,39.1,22
2020-05-23T20:00,0.0,38.2,23
2020-05-23T21:00,0.0,36.6,14
2020-05-23T22:00,0.0,35.6,9
2020-05-23T23:00,0.0,33.2,10
2020-05-24T00:00,0.0,32.1,65
2020-05-24T01:00,0.0,31.7,100
2020-05-24T02:00,0.0,31.4,98
2020-05-24T03:00,0.0,31.3,98
2020-05-24T04:00,0.0,30.5,72
2020-05-24T05:00,0.0,30.6,24
2020-05-24T06:00,0.022,30.5,2
2020-05-24T07:00,0.173,30.9,6
2020-05-24T08:00,0.387,32.3,6
2020-05-24T09:00,0.6,34.3,11
2020-05-24T10:00,0.776,36.4,0
2020-05-24T11:00,0.893,38.2,9
2020-05-24T12:00,0.887,39.3,14
2020-05-24T13:00,0.84,40.0,39
2020-05-24T14:00,0.653,40.0,56
2020-05-24T15:00,0.413,39.9,49
2020-05-24T16:00,0.34,39.8,88
2020-05-24T17:00,0.126,39.7,86
2020-05-24T18:00,0.061,39.0,45
2020-05-24T19:00,0.0,38.3,32
2020-05-24T20:00,0.0,38.0,23
2020-05-24T21:00,0.0,36.9,23
2020-05-24T22:00,0.0,33.3,19
2020-05-24T23:00,0.0,31.9,10
2020-05-25T00:00,0.0,31.2,2
2020-05-25T01:00,0.0,30.5,2
2020-05-25T02:00,0.0,30.1,1
2020-05-25T03:00,0.0,29.9,1
2020-05-25T04:00,0.0,29.8,2
2020-05-25T05:00,0.0,29.3,75
2020-05-25T06:00,0.022,30.0,42
2020-05-25T07:00,0.168,31.1,39
2020-05-25T08:00,0.383,32.5,51
2020-05-25T09:00,0.599,34.4,30
2020-05-25T10:00,0.772,36.3,48
2020-05-25T11:00,0.873,37.8,5
2020-05-25T12:00,0.909,39.0,7
2020-05-25T13:00,0.874,39.8,38
2020-05-25T14:00,0.725,39.9,44
2020-05-25T15:00,0.493,39.7,55
2020-05-25T16:00,0.302,39.8,63
2020-05-25T17:00,0.174,38.3,47
2020-05-25T18:00,0.052,37.8,38
2020-05-25T19:00,0.0,37.4,32
2020-05-25T20:00,0.0,36.7,38
2020-05-25T21:00,0.0,36.2,29
2020-05-25T22:00,0.0,32.7,34
2020-05-25T23:00,0.0,32.3,53
2020-05-26T00:00,0.0,31.5,72
2020-05-26T01:00,0.0,30.8,76
2020-05-26T02:00,0.0,30.4,73
2020-05-26T03:00,0.0,29.9,52
2020-05-26T04:00,0.0,29.6,9
2020-05-26T05:00,0.0,28.8,8
2020-05-26T06:00,0.022,29.1,1
2020-05-26T07:00,0.172,30.0,1
2020-05-26T08:00,0.385,32.0,43
2020-05-26T09:00,0.568,34.2,12
2020-05-26T10:00,0.762,36.1,10
2020-05-26T11:00,0.885,37.8,7
2020-05-26T12:00,0.908,39.1,16
2020-05-26T13:00,0.816,40.0,30
2020-05-26T14:00,0.718,40.1,48
2020-05-26T15:00,0.491,39.2,45
2020-05-26T16:00,0.293,36.4,45
2020-05-26T17:00,0.187,36.3,29
2020-05-26T18:00,0.062,36.6,39
2020-05-26T19:00,0.0,36.8,31
2020-05-26T20:00,0.0,36.5,29
2020-05-26T21:00,0.0,34.9,20
2020-05-26T22:00,0.0,34.3,18
2020-05-26T23:00,0.0,33.9,13
2020-05-27T00:00,0.0,32.8,49
2020-05-27T01:00,0.0,32.4,63
2020-05-27T02:00,0.0,32.0,64
2020-05-27T03:00,0.0,31.6,37
2020-05-27T04:00,0.0,31.5,19
2020-05-27T05:00,0.0,31.0,5
2020-05-27T06:00,0.022,30.9,4
2020-05-27T07:00,0.17,31.5,1
2020-05-27T08:00,0.384,32.8,0
2020-05-27T09:00,0.594,34.5,0
2020-05-27T10:00,0.767,36.3,3
2020-05-27T11:00,0.877,37.9,3
2020-05-27T12:00,0.906,39.3,15
2020-05-27T13:00,0.805,40.3,38
2020-05-27T14:00,0.649,40.2,38
2020-05-27T15:00,0.541,39.9,34
2020-05-27T16:00,0.388,40.1,38
2020-05-27T17:00,0.206,39.8,33
2020-05-27T18:00,0.064,39.5,40
2020-05-27T19:00,0.001,38.5,34
2020-05-27T20:00,0.0,37.4,30
2020-05-27T21:00,0.0,33.9,36
2020-05-27T22:00,0.0,32.0,16
2020-05-27T23:00,0.0,32.1,8
2020-05-28T00:00,0.0,31.9,74
2020-05-28T01:00,0.0,31.6,80
2020-05-28T02:00,0.0,30.9,85
2020-05-28T03:00,0.0,30.9,85
2020-05-28T04:00,0.0,30.6,82
2020-05-28T05:00,0.0,30.1,78
2020-05-28T06:00,0.021,30.1,87
2020-05-28T07:00,0.169,30.9,88
2020-05-28T08:00,0.34,32.3,88
2020-05-28T09:00,0.52,34.2,90
2020-05-28T10:00,0.721,36.5,86
2020-05-28T11:00,0.885,38.6,80
2020-05-28T12:00,0.942,40.1,18
2020-05-28T13:00,0.858,41.0,23
2020-05-28T14:00,0.738,41.4,30
2020-05-28T15:00,0.541,41.7,29
2020-05-28T16:00,0.382,41.1,82
2020-05-28T17:00,0.189,41.0,78
2020-05-28T18:00,0.064,40.2,90
2020-05-28T19:00,0.001,39.6,82
2020-05-28T20:00,0.0,38.9,86
2020-05-28T21:00,0.0,38.3,78
2020-05-28T22:00,0.0,37.0,81
2020-05-28T23:00,0.0,35.9,77
2020-05-29T00:00,0.0,34.7,57
2020-05-29T01:00,0.0,33.3,54
2020-05-29T02:00,0.0,31.9,31
2020-05-29T03:00,0.0,30.9,1
2020-05-29T04:00,0.0,30.1,1
2020-05-29T05:00,0.0,29.4,1
2020-05-29T06:00,0.022,29.2,58
2020-05-29T07:00,0.173,30.2,54
2020-05-29T08:00,0.389,31.8,41
2020-05-29T09:00,0.599,33.9,17
2020-05-29T10:00,0.772,35.9,12
2020-05-29T11:00,0.891,37.8,80
2020-05-29T12:00,0.903,39.2,52
2020-05-29T13:00,0.718,39.6,37
2020-05-29T14:00,0.78,40.4,23
2020-05-29T15:00,0.631,40.7,19
2020-05-29T16:00,0.439,40.9,18
2020-05-29T17:00,0.239,40.6,41
2020-05-29T18:00,0.062,40.0,53
2020-05-29T19:00,0.001,39.8,66
2020-05-29T20:00,0.0,39.0,90
2020-05-29T21:00,0.0,37.4,61
2020-05-29T22:00,0.0,36.7,43
2020-05-29T23:00,0.0,33.2,35
2020-05-30T00:00,0.0,31.7,23
2020-05-30T01:00,0.0,31.1,15
2020-05-30T02:00,0.0,30.7,32
2020-05-30T03:00,0.0,30.4,53
2020-05-30T04:00,0.0,30.0,54
2020-05-30T05:00,0.0,29.0,33
2020-05-30T06:00,0.02,29.1,18
2020-05-30T07:00,0.159,30.2,21
2020-05-30T08:00,0.372,32.0,34
2020-05-30T09:00,0.579,34.2,36
2020-05-30T10:00,0.748,36.2,17
2020-05-30T11:00,0.883,37.7,6
2020-05-30T12:00,0.929,38.8,24
2020-05-30T13:00,0.827,39.3,30
2020-05-30T14:00,0.69,39.8,30
2020-05-30T15:00,0.557,39.9,26
2020-05-30T16:00,0.395,39.6,38
2020-05-30T17:00,0.223,35.1,27
2020-05-30T18:00,0.059,34.4,73
2020-05-30T19:00,0.001,34.1,38
2020-05-30T20:00,0.0,33.7,35
2020-05-30T21:00,0.0,33.1,17
2020-05-30T22:00,0.0,32.4,15
2020-05-30T23:00,0.0,32.0,12
2020-05-31T00:00,0.0,31.5,11
2020-05-31T01:00,0.0,31.0,11
2020-05-31T02:00,0.0,30.6,28
2020-05-31T03:00,0.0,30.3,34
2020-05-31T04:00,0.0,30.1,29
2020-05-31T05:00,0.0,30.1,6
2020-05-31T06:00,0.006,30.0,81
2020-05-31T07:00,0.104,30.7,77
2020-05-31T08:00,0.214,30.5,72
2020-05-31T09:00,0.302,31.0,96
2020-05-31T10:00,0.263,31.4,100
2020-05-31T11:00,0.373,32.4,98
2020-05-31T12:00,0.416,33.2,99
2020-05-31T13:00,0.628,34.3,79
2020-05-31T14:00,0.752,36.0,74
2020-05-31T15:00,0.645,36.4,79
2020-05-31T16:00,0.407,35.1,90
2020-05-31T17:00,0.182,36.0,97
2020-05-31T18:00,0.063,35.3,94
2020-05-31T19:00,0.001,34.3,94
2020-05-31T20:00,0.0,33.9,88
2020-05-31T21:00,0.0,33.4,39
2020-05-31T22:00,0.0,33.0,57
2020-05-31T23:00,0.0,32.2,83
2020-06-01T00:00,0.0,30.7,94
2020-06-01T01:00,0.0,28.5,98
2020-06-01T02:00,0.0,28.2,100
2020-06-01T03:00,0.0,28.1,99
2020-06-01T04:00,0.0,27.8,99
2020-06-01T05:00,0.0,26.3,99
2020-06-01T06:00,0.012,26.7,99
2020-06-01T07:00,0.134,27.7,98
2020-06-01T08:00,0.325,29.0,96
2020-06-01T09:00,0.523,30.5,93
2020-06-01T10:00,0.733,32.6,98
2020-06-01T11:00,0.845,33.9,80
2020-06-01T12:00,0.827,34.8,86
2020-06-01T13:00,0.842,35.7,42
2020-06-01T14:00,0.761,36.2,19
2020-06-01T15:00,0.591,36.5,66
2020-06-01T16:00,0.408,36.0,83
2020-06-01T17:00,0.211,33.8,82
2020-06-01T18:00,0.065,32.4,98
2020-06-01T19:00,0.001,30.3,98
2020-06-01T20:00,0.0,28.8,100
2020-06-01T21:00,0.0,27.6,100
2020-06-01T22:00,0.0,27.4,100
2020-06-01T23:00,0.0,27.0,100
2020-06-02T00:00,0.0,25.6,100
2020-06-02T01:00,0.0,25.4,100
2020-06-02T02:00,0.0,25.2,100
2020-06-02T03:00,0.0,25.2,100
2020-06-02T04:00,0.0,25.2,100
2020-06-02T05:00,0.0,25.3,100
2020-06-02T06:00,0.016,25.8,100
2020-06-02T07:00,0.129,26.9,98
2020-06-02T08:00,0.34,28.5,96
2020-06-02T09:00,0.531,29.7,98
2020-06-02T10:00,0.639,30.9,97
2020-06-02T11:00,0.845,32.4,96
2020-06-02T12:00,0.906,33.3,66
2020-06-02T13:00,0.858,34.1,47
2020-06-02T14:00,0.775,34.6,65
2020-06-02T15:00,0.468,29.4,89
2020-06-02T16:00,0.347,30.4,91
2020-06-02T17:00,0.157,30.5,95
2020-06-02T18:00,0.074,30.1,68
2020-06-02T19:00,0.001,29.4,66
2020-06-02T20:00,0.0,28.7,79
2020-06-02T21:00,0.0,28.3,88
2020-06-02T22:00,0.0,28.1,86
2020-06-02T23:00,0.0,27.8,91
2020-06-03T00:00,0.0,27.5,91
2020-06-03T01:00,0.0,27.5,88
2020-06-03T02:00,0.0,26.9,92
2020-06-03T03:00,0.0,26.3,92
2020-06-03T04:00,0.0,26.1,88
2020-06-03T05:00,0.0,26.4,93
2020-06-03T06:00,0.019,27.2,99
2020-06-03T07:00,0.112,28.0,99
2020-06-03T08:00,0.292,29.0,98
2020-06-03T09:00,0.502,30.0,96
2020-06-03T10:00,0.737,31.5,86
2020-06-03T11:00,0.861,32.8,88
2020-06-03T12:00,0.827,34.0,78
2020-06-03T13:00,0.696,34.6,99
2020-06-03T14:00,0.473,33.2,64
2020-06-03T15:00,0.542,34.1,64
2020-06-03T16:00,0.354,33.2,97
2020-06-03T17:00,0.208,33.0,100
2020-06-03T18:00,0.06,30.8,87
2020-06-03T19:00,0.001,30.0,86
2020-06-03T20:00,0.0,29.6,90
2020-06-03T21:00,0.0,29.3,89
2020-06-03T22:00,0.0,28.6,89
2020-06-03T23:00,0.0,28.2,88
2020-06-04T00:00,0.0,27.6,87
2020-06-04T01:00,0.0,27.1,90
2020-06-04T02:00,0.0,26.5,94
2020-06-04T03:00,0.0,26.0,94
2020-06-04T04:00,0.0,25.8,90
2020-06-04T05:00,0.0,26.0,88
2020-06-04T06:00,0.019,26.3,99
2020-06-04T07:00,0.054,26.4,91
2020-06-04T08:00,0.282,28.3,95
2020-06-04T09:00,0.455,28.7,93
2020-06-04T10:00,0.402,29.2,94
2020-06-04T11:00,0.775,32.3,98
2020-06-04T12:00,0.77,33.0,97
2020-06-04T13:00,0.78,34.0,100
2020-06-04T14:00,0.723,34.3,100
2020-06-04T15:00,0.579,34.4,100
2020-06-04T16:00,0.42,33.8,98
2020-06-04T17:00,0.202,33.8,98
2020-06-04T18:00,0.073,33.1,100
2020-06-04T19:00,0.001,31.9,100
2020-06-04T20:00,0.0,30.9,97
2020-06-04T21:00,0.0,30.0,91
2020-06-04T22:00,0.0,29.4,93
2020-06-04T23:00,0.0,29.1,95
2020-06-05T00:00,0.0,28.6,96
2020-06-05T01:00,0.0,28.0,90
2020-06-05T02:00,0.0,27.5,23
2020-06-05T03:00,0.0,27.0,73
2020-06-05T04:00,0.0,26.5,11
2020-06-05T05:00,0.0,26.6,2
2020-06-05T06:00,0.021,27.1,63
2020-06-05T07:00,0.152,27.9,68
2020-06-05T08:00,0.363,29.3,74
2020-06-05T09:00,0.587,31.1,72
2020-06-05T10:00,0.757,32.8,73
2020-06-05T11:00,0.846,33.9,79
2020-06-05T12:00,0.807,34.5,34
2020-06-05T13:00,0.793,35.3,98
2020-06-05T14:00,0.659,36.0,95
2020-06-05T15:00,0.506,35.9,100
2020-06-05T16:00,0.38,35.4,99
2020-06-05T17:00,0.237,35.0,99
2020-06-05T18:00,0.07,34.7,99
2020-06-05T19:00,0.001,33.0,98
2020-06-05T20:00,0.0,32.8,97
2020-06-05T21:00,0.0,32.2,96
2020-06-05T22:00,0.0,31.7,96
2020-06-05T23:00,0.0,31.0,97
2020-06-06T00:00,0.0,30.3,97
2020-06-06T01:00,0.0,29.5,97
2020-06-06T02:00,0.0,28.7,96
2020-06-06T03:00,0.0,28.0,95
2020-06-06T04:00,0.0,27.4,93
2020-06-06T05:00,0.0,27.2,85
2020-06-06T06:00,0.022,27.4,92
2020-06-06T07:00,0.168,28.3,92
2020-06-06T08:00,0.379,29.8,87
2020-06-06T09:00,0.579,31.7,79
2020-06-06T10:00,0.732,33.4,55
2020-06-06T11:00,0.814,34.8,35
2020-06-06T12:00,0.856,35.6,20
2020-06-06T13:00,0.847,37.0,31
2020-06-06T14:00,0.723,37.2,44
2020-06-06T15:00,0.557,37.1,37
2020-06-06T16:00,0.398,37.1,79
2020-06-06T17:00,0.217,36.9,82
2020-06-06T18:00,0.075,36.3,100
2020-06-06T19:00,0.001,34.9,68
2020-06-06T20:00,0.0,34.5,74
2020-06-06T21:00,0.0,33.8,91
2020-06-06T22:00,0.0,32.5,98
2020-06-06T23:00,0.0,31.0,99
2020-06-07T00:00,0.0,30.2,100
2020-06-07T01:00,0.0,29.2,100
2020-06-07T02:00,0.0,28.4,92
2020-06-07T03:00,0.0,27.7,90
2020-06-07T04:00,0.0,27.1,95
2020-06-07T05:00,0.0,27.1,94
2020-06-07T06:00,0.019,27.2,98
2020-06-07T07:00,0.159,28.1,95
2020-06-07T08:00,0.37,29.8,97
2020-06-07T09:00,0.572,31.7,99
2020-06-07T10:00,0.747,33.6,99
2020-06-07T11:00,0.795,34.9,98
2020-06-07T12:00,0.877,36.0,84
2020-06-07T13:00,0.863,36.9,97
2020-06-07T14:00,0.782,37.1,97
2020-06-07T15:00,0.653,37.3,98
2020-06-07T16:00,0.43,37.0,99
2020-06-07T17:00,0.2,36.9,99
2020-06-07T18:00,0.062,35.5,98
2020-06-07T19:00,0.001,33.9,98
2020-06-07T20:00,0.0,33.1,97
2020-06-07T21:00,0.0,32.1,97
2020-06-07T22:00,0.0,31.3,97
2020-06-07T23:00,0.0,30.7,92
2020-06-08T00:00,0.0,30.4,95
2020-06-08T01:00,0.0,29.8,91
2020-06-08T02:00,0.0,29.0,88
2020-06-08T03:00,0.0,28.4,90
2020-06-08T04:00,0.0,27.8,76
2020-06-08T05:00,0.0,27.4,95
2020-06-08T06:00,0.015,27.6,45
2020-06-08T07:00,0.128,28.3,38
2020-06-08T08:00,0.337,29.9,43
2020-06-08T09:00,0.549,31.9,62
2020-06-08T10:00,0.596,33.2,60
2020-06-08T11:00,0.796,35.4,34
2020-06-08T12:00,0.865,36.6,81
2020-06-08T13:00,0.872,37.6,85
2020-06-08T14:00,0.767,38.2,92
2020-06-08T15:00,0.605,38.1,98
2020-06-08T16:00,0.401,37.7,99
2020-06-08T17:00,0.209,37.1,98
2020-06-08T18:00,0.056,36.6,99
2020-06-08T19:00,0.001,36.0,99
2020-06-08T20:00,0.0,34.4,97
2020-06-08T21:00,0.0,33.8,96
2020-06-08T22:00,0.0,33.0,86
2020-06-08T23:00,0.0,32.4,99
2020-06-09T00:00,0.0,31.5,98
2020-06-09T01:00,0.0,30.4,100
2020-06-09T02:00,0.0,29.5,95
2020-06-09T03:00,0.0,28.8,95
2020-06-09T04:00,0.0,28.2,96
2020-06-09T05:00,0.0,28.0,93
2020-06-09T06:00,0.018,27.9,92
2020-06-09T07:00,0.15,28.4,94
2020-06-09T08:00,0.338,29.8,97
2020-06-09T09:00,0.439,31.2,100
2020-06-09T10:00,0.589,33.0,93
2020-06-09T11:00,0.828,35.0,100
2020-06-09T12:00,0.853,36.4,100
2020-06-09T13:00,0.839,37.6,100
2020-06-09T14:00,0.721,38.0,99
2020-06-09T15:00,0.646,38.2,96
2020-06-09T16:00,0.42,37.7,100
2020-06-09T17:00,0.211,37.0,100
2020-06-09T18:00,0.086,36.4,100
2020-06-09T19:00,0.001,35.9,100
2020-06-09T20:00,0.0,34.9,100
2020-06-09T21:00,0.0,33.3,100
2020-06-09T22:00,0.0,31.9,95
2020-06-09T23:00,0.0,31.3,84
2020-06-10T00:00,0.0,30.6,80
2020-06-10T01:00,0.0,30.0,93
2020-06-10T02:00,0.0,29.4,95
2020-06-10T03:00,0.0,28.9,96
2020-06-10T04:00,0.0,28.5,97
2020-06-10T05:00,0.0,28.0,100
2020-06-10T06:00,0.006,28.4,100
2020-06-10T07:00,0.061,28.6,100
2020-06-10T08:00,0.183,29.2,100
2020-06-10T09:00,0.225,29.3,100
2020-06-10T10:00,0.184,29.5,100
2020-06-10T11:00,0.335,31.8,100
2020-06-10T12:00,0.406,34.0,100
2020-06-10T13:00,0.218,31.1,100
2020-06-10T14:00,0.16,31.6,100
2020-06-10T15:00,0.193,32.0,100
2020-06-10T16:00,0.17,33.3,100
2020-06-10T17:00,0.096,33.4,100
2020-06-10T18:00,0.021,33.1,100
2020-06-10T19:00,0.0,30.7,100
2020-06-10T20:00,0.0,27.0,100
2020-06-10T21:00,0.0,26.7,99
2020-06-10T22:00,0.0,26.0,100
2020-06-10T23:00,0.0,25.5,100
2020-06-11T00:00,0.0,25.4,100
2020-06-11T01:00,0.0,25.6,100
2020-06-11T02:00,0.0,25.7,100
2020-06-11T03:00,0.0,25.2,100
2020-06-11T04:00,0.0,24.9,100
2020-06-11T05:00,0.0,24.9,100
2020-06-11T06:00,0.004,25.2,100
2020-06-11T07:00,0.022,25.2,100
2020-06-11T08:00,0.066,25.6,100
2020-06-11T09:00,0.246,26.6,100
2020-06-11T10:00,0.32,27.5,100
2020-06-11T11:00,0.317,27.9,100
2020-06-11T12:00,0.392,28.5,100
2020-06-11T13:00,0.453,28.8,100
2020-06-11T14:00,0.369,28.8,100
2020-06-11T15:00,0.324,28.9,100
2020-06-11T16:00,0.176,28.5,100
2020-06-11T17:00,0.077,27.3,100
2020-06-11T18:00,0.017,26.4,100
2020-06-11T19:00,0.0,25.8,100
2020-06-11T20:00,0.0,25.5,100
2020-06-11T21:00,0.0,25.3,100
2020-06-11T22:00,0.0,25.1,100
2020-06-11T23:00,0.0,24.9,100
2020-06-12T00:00,0.0,24.7,100
2020-06-12T01:00,0.0,24.4,99
2020-06-12T02:00,0.0,24.3,99
2020-06-12T03:00,0.0,24.4,100
2020-06-12T04:00,0.0,24.4,99
2020-06-12T05:00,0.0,24.4,100
2020-06-12T06:00,0.007,24.7,100
2020-06-12T07:00,0.088,25.3,100
2020-06-12T08:00,0.162,26.1,99
2020-06-12T09:00,0.352,27.4,100
2020-06-12T10:00,0.306,27.9,100
2020-06-12T11:00,0.392,28.7,99
2020-06-12T12:00,0.457,29.5,100
2020-06-12T13:00,0.275,29.7,100
2020-06-12T14:00,0.576,31.2,66
2020-06-12T15:00,0.457,31.7,79
2020-06-12T16:00,0.359,31.1,100
2020-06-12T17:00,0.19,28.5,100
2020-06-12T18:00,0.032,27.8,98
2020-06-12T19:00,0.001,27.6,99
2020-06-12T20:00,0.0,27.2,98
2020-06-12T21:00,0.0,26.8,91
2020-06-12T22:00,0.0,26.5,92
2020-06-12T23:00,0.0,26.1,96
2020-06-13T00:00,0.0,25.7,100
2020-06-13T01:00,0.0,25.5,100
2020-06-13T02:00,0.0,25.3,100
2020-06-13T03:00,0.0,25.3,100
2020-06-13T04:00,0.0,25.1,100
2020-06-13T05:00,0.0,25.0,100
2020-06-13T06:00,0.018,25.4,100
2020-06-13T07:00,0.148,26.5,100
2020-06-13T08:00,0.362,27.9,97
2020-06-13T09:00,0.551,29.4,98
2020-06-13T10:00,0.651,30.7,99
2020-06-13T11:00,0.646,31.8,100
2020-06-13T12:00,0.767,32.7,99
2020-06-13T13:00,0.743,33.4,99
2020-06-13T14:00,0.742,33.9,74
2020-06-13T15:00,0.642,33.9,74
2020-06-13T16:00,0.43,33.1,80
2020-06-13T17:00,0.258,32.1,82
2020-06-13T18:00,0.083,30.5,82
2020-06-13T19:00,0.002,29.8,62
2020-06-13T20:00,0.0,29.0,88
2020-06-13T21:00,0.0,28.6,78
2020-06-13T22:00,0.0,27.8,92
2020-06-13T23:00,0.0,27.4,87
2020-06-14T00:00,0.0,26.7,91
2020-06-14T01:00,0.0,26.4,87
2020-06-14T02:00,0.0,26.1,62
2020-06-14T03:00,0.0,25.8,86
2020-06-14T04:00,0.0,25.6,85
2020-06-14T05:00,0.0,25.9,74
2020-06-14T06:00,0.019,26.3,93
2020-06-14T07:00,0.134,27.4,73
2020-06-14T08:00,0.306,28.6,89
2020-06-14T09:00,0.518,30.4,95
2020-06-14T10:00,0.415,30.6,95
2020-06-14T11:00,0.521,31.5,99
2020-06-14T12:00,0.618,32.9,97
2020-06-14T13:00,0.725,34.1,95
2020-06-14T14:00,0.679,32.2,98
2020-06-14T15:00,0.516,33.5,94
2020-06-14T16:00,0.402,31.7,98
2020-06-14T17:00,0.182,33.4,93
2020-06-14T18:00,0.064,31.6,98
2020-06-14T19:00,0.002,30.9,99
2020-06-14T20:00,0.0,30.0,99
2020-06-14T21:00,0.0,29.3,99
2020-06-14T22:00,0.0,28.5,98
2020-06-14T23:00,0.0,27.8,99
2020-06-15T00:00,0.0,27.3,100
2020-06-15T01:00,0.0,26.8,98
2020-06-15T02:00,0.0,26.6,98
2020-06-15T03:00,0.0,26.3,98
2020-06-15T04:00,0.0,26.2,98
2020-06-15T05:00,0.0,26.1,97
2020-06-15T06:00,0.02,26.6,95
2020-06-15T07:00,0.144,27.7,95
2020-06-15T08:00,0.334,29.0,97
2020-06-15T09:00,0.52,30.7,98
2020-06-15T10:00,0.583,32.1,99
2020-06-15T11:00,0.495,32.7,100
2020-06-15T12:00,0.581,33.8,99
2020-06-15T13:00,0.689,34.4,99
2020-06-15T14:00,0.631,34.1,99
2020-06-15T15:00,0.521,34.0,99
2020-06-15T16:00,0.328,33.5,98
2020-06-15T17:00,0.206,33.7,99
2020-06-15T18:00,0.08,32.6,99
2020-06-15T19:00,0.002,31.7,98
2020-06-15T20:00,0.0,30.8,97
2020-06-15T21:00,0.0,30.1,98
2020-06-15T22:00,0.0,29.3,97
2020-06-15T23:00,0.0,28.6,100
2020-06-16T00:00,0.0,28.0,100
2020-06-16T01:00,0.0,27.5,100
2020-06-16T02:00,0.0,27.2,99
2020-06-16T03:00,0.0,26.9,99
2020-06-16T04:00,0.0,26.6,100
2020-06-16T05:00,0.0,26.9,100
2020-06-16T06:00,0.012,27.5,100
2020-06-16T07:00,0.089,28.3,100
2020-06-16T08:00,0.216,29.3,100
2020-06-16T09:00,0.322,30.2,100
2020-06-16T10:00,0.437,31.7,100
2020-06-16T11:00,0.337,32.1,100
2020-06-16T12:00,0.492,33.3,100
2020-06-16T13:00,0.377,33.7,100
2020-06-16T14:00,0.546,34.2,100
2020-06-16T15:00,0.36,33.1,100
2020-06-16T16:00,0.336,33.5,100
2020-06-16T17:00,0.147,33.4,100
2020-06-16T18:00,0.06,32.7,100
2020-06-16T19:00,0.002,31.9,100
2020-06-16T20:00,0.0,31.0,98
2020-06-16T21:00,0.0,30.3,98
2020-06-16T22:00,0.0,29.7,98
2020-06-16T23:00,0.0,29.1,99
2020-06-17T00:00,0.0,28.5,99
2020-06-17T01:00,0.0,28.0,99
2020-06-17T02:00,0.0,27.6,99
2020-06-17T03:00,0.0,27.2,100
2020-06-17T04:00,0.0,27.0,100
2020-06-17T05:00,0.0,27.2,99
2020-06-17T06:00,0.012,27.7,99
2020-06-17T07:00,0.086,28.4,100
2020-06-17T08:00,0.215,29.3,100
2020-06-17T09:00,0.113,29.0,100
2020-06-17T10:00,0.268,30.2,100
2020-06-17T11:00,0.35,31.6,100
2020-06-17T12:00,0.564,33.5,100
2020-06-17T13:00,0.432,33.9,100
2020-06-17T14:00,0.564,34.4,100
2020-06-17T15:00,0.238,32.4,100
2020-06-17T16:00,0.187,32.6,100
2020-06-17T17:00,0.188,32.4,100
2020-06-17T18:00,0.064,31.3,98
2020-06-17T19:00,0.001,30.1,91
2020-06-17T20:00,0.0,29.6,94
2020-06-17T21:00,0.0,29.1,100
2020-06-17T22:00,0.0,28.9,100
2020-06-17T23:00,0.0,28.1,91
